JFJR01012964.1	3
JFJR01013273.1	33
JFJR01013055.1	1190
JFJR01012966.1	9
JFJR01013005.1	11
JFJR01013308.1	14
JFJR01013269.1	15
Scaffold1098	606
Scaffold1096	1701
Scaffold1097	2100
Scaffold1094	1219
JFJR01012259.1	18
JFJR01012960.1	19
Scaffold1093	173
JFJR01013007.1	21
JFJR01012982.1	22
Scaffold348	1835
Scaffold349	2025
Scaffold342	84
Scaffold343	63
Scaffold340	698
Scaffold341	2218
Scaffold346	20
Scaffold347	1569
Scaffold344	78
Scaffold345	1596
JFJR01013338.1	28
JFJR01012692.1	30
JFJR01012962.1	1766
JFJR01013496.1	35
JFJR01013448.1	40
JFJR01012690.1	41
JFJR01013366.1	43
JFJR01013013.1	44
JFJR01012626.1	10
JFJR01013277.1	48
Scaffold128	2048
Scaffold129	1224
Scaffold126	2052
Scaffold127	1189
JFJR01013275.1	54
Scaffold125	1196
Scaffold122	2102
Scaffold123	488
Scaffold120	213
Scaffold121	1062
JFJR01013310.1	58
Scaffold655	1556
Scaffold656	27
Scaffold657	2159
Scaffold650	92
Scaffold651	1542
Scaffold652	6
Scaffold653	1552
Scaffold658	634
Scaffold659	2131
JFJR01012678.1	1779
JFJR01012632.1	699
Scaffold1470	1909
JFJR01012694.1	60
Scaffold1475	151
Scaffold1476	1668
JFJR01011756.1	62
JFJR01013498.1	64
JFJR01012065.1	65
JFJR01013325.1	68
JFJR01012614.1	69
Scaffold1154	2328
JFJR01012612.1	74
JFJR01013051.1	1202
Scaffold1505	1603
Scaffold1500	82
JFJR01012795.1	85
Scaffold1095	2092
Scaffold1092	396
JFJR01013265.1	91
Scaffold1091	161
JFJR01013267.1	510
JFJR01011840.1	100
Scaffold222	2393
Scaffold225	2158
Scaffold1231	2199
Scaffold224	633
JFJR01012721.1	1191
JFJR01013207.1	109
Scaffold229	2126
Scaffold884	1916
JFJR01012895.1	1846
JFJR01013386.1	112
JFJR01013205.1	615
JFJR01012877.1	620
JFJR01013279.1	115
JFJR01013384.1	117
JFJR01012703.1	118
Scaffold435	2020
JFJR01013189.1	120
JFJR01012879.1	122
JFJR01012885.1	711
JFJR01013215.1	127
JFJR01012711.1	128
JFJR01012709.1	130
JFJR01012865.1	132
JFJR01012712.1	1610
Scaffold401	2358
JFJR01012867.1	137
Scaffold400	1427
JFJR01013209.1	138
Scaffold151	2350
Scaffold150	795
Scaffold157	770
JFJR01012719.1	142
JFJR01013331.1	709
JFJR01013546.1	145
Scaffold931	1322
Scaffold930	464
Scaffold933	1452
Scaffold935	1444
Scaffold155	1726
Scaffold937	808
Scaffold936	2303
Scaffold939	1457
Scaffold938	1666
JFJR01012822.1	149
Scaffold1278	939
Scaffold1272	934
Scaffold1273	1819
Scaffold1270	912
Scaffold1271	1795
Scaffold1276	1560
Scaffold1277	1799
Scaffold1274	971
Scaffold1275	37
JFJR01013530.1	897
JFJR01013193.1	158
Scaffold1100	1628
JFJR01013191.1	165
JFJR01012862.1	1617
JFJR01012856.1	131
Scaffold805	159
Scaffold804	1616
Scaffold807	2198
Scaffold806	1677
Scaffold801	1609
Scaffold800	479
Scaffold802	96
Scaffold809	756
Scaffold808	1214
JFJR01012858.1	176
JFJR01012869.1	178
JFJR01011826.1	179
JFJR01013494.1	180
JFJR01013544.1	1326
Scaffold243	2104
Scaffold242	579
Scaffold241	347
Scaffold240	1184
JFJR01013181.1	183
Scaffold246	1225
Scaffold245	2206
Scaffold244	1159
Scaffold249	328
JFJR01013177.1	185
JFJR01012019.1	186
JFJR01013183.1	188
JFJR01013179.1	190
JFJR01013098.1	191
Scaffold1089	388
Scaffold1088	1860
Scaffold1080	1359
Scaffold1083	1436
Scaffold1082	1889
Scaffold1085	1249
Scaffold1084	862
Scaffold1087	977
Scaffold1086	121
Scaffold1039	1852
JFJR01013119.1	194
Scaffold339	2222
Scaffold338	659
Scaffold337	2190
Scaffold336	766
Scaffold335	2114
Scaffold334	679
Scaffold333	1535
Scaffold332	1281
Scaffold331	2142
Scaffold330	668
Scaffold795	1663
Scaffold794	806
Scaffold797	1620
Scaffold796	105
Scaffold791	39
Scaffold790	749
JFJR01013288.1	200
JFJR01013115.1	201
JFJR01012930.1	1140
Scaffold799	2239
Scaffold798	718
JFJR01012666.1	1211
JFJR01013139.1	829
JFJR01013113.1	204
JFJR01013568.1	205
JFJR01012950.1	206
JFJR01013109.1	207
Scaffold481	171
Scaffold480	1173
JFJR01013187.1	208
JFJR01012952.1	1206
Scaffold485	244
Scaffold484	1698
Scaffold487	311
Scaffold486	1761
Scaffold489	34
Scaffold488	1155
JFJR01013094.1	211
Scaffold669	1591
Scaffold668	675
Scaffold661	2007
Scaffold660	639
Scaffold663	907
Scaffold662	1626
Scaffold665	1932
Scaffold664	522
JFJR01012904.1	218
JFJR01013465.1	219
JFJR01012922.1	220
Scaffold468	2384
JFJR01013389.1	1179
Scaffold463	416
JFJR01012958.1	223
Scaffold461	864
Scaffold460	1782
JFJR01013101.1	224
Scaffold466	1952
Scaffold465	800
Scaffold464	45
JFJR01012924.1	225
JFJR01012870.1	1627
JFJR01013321.1	231
Scaffold1461	1913
Scaffold1460	1505
JFJR01013117.1	232
JFJR01012926.1	233
JFJR01013564.1	235
JFJR01013475.1	236
JFJR01013095.1	1730
JFJR01013286.1	239
JFJR01013254.1	240
JFJR01013284.1	246
JFJR01012963.1	247
JFJR01013469.1	252
JFJR01013282.1	253
JFJR01013105.1	256
JFJR01013467.1	258
JFJR01012571.1	259
Scaffold53	1702
JFJR01013165.1	261
JFJR01013032.1	263
JFJR01013163.1	265
Scaffold57	1554
JFJR01013451.1	836
JFJR01012975.1	271
JFJR01013016.1	1518
JFJR01013250.1	273
JFJR01013161.1	274
JFJR01013014.1	277
JFJR01012659.1	279
JFJR01012928.1	280
JFJR01013552.1	282
JFJR01012989.1	1502
JFJR01013018.1	283
JFJR01013046.1	285
Scaffold363	2121
JFJR01013550.1	286
Scaffold714	1434
JFJR01013339.1	291
JFJR01013048.1	292
JFJR01012649.1	293
JFJR01013028.1	295
Scaffold1034	840
JFJR01012702.1	1631
JFJR01012673.1	304
Scaffold1311	1739
JFJR01013024.1	305
JFJR01013329.1	307
JFJR01012675.1	308
JFJR01013022.1	309
JFJR01012081.1	2038
JFJR01013554.1	310
JFJR01013335.1	312
Scaffold926	472
Scaffold927	783
Scaffold924	2233
Scaffold925	2365
Scaffold922	484
Scaffold923	1341
JFJR01011686.1	316
JFJR01012596.1	317
Scaffold928	477
Scaffold929	818
Scaffold1265	70
Scaffold1264	945
Scaffold1267	920
Scaffold1261	1540
Scaffold1260	684
Scaffold1262	104
JFJR01013383.1	997
Scaffold1269	59
Scaffold1472	1049
JFJR01008756.1	327
JFJR01013026.1	331
JFJR01013327.1	333
JFJR01012657.1	341
Scaffold818	2089
Scaffold819	1230
Scaffold812	1149
Scaffold813	2034
Scaffold810	1220
Scaffold811	2120
Scaffold816	636
Scaffold814	1177
Scaffold815	2164
JFJR01012783.1	346
JFJR01012669.1	2366
Scaffold250	1215
Scaffold251	2069
Scaffold252	1221
Scaffold253	2076
Scaffold254	1287
Scaffold255	452
Scaffold256	1733
Scaffold257	876
Scaffold258	1740
Scaffold259	884
JFJR01013353.1	351
JFJR01012645.1	641
JFJR01012738.1	356
Scaffold1077	1849
Scaffold1070	443
Scaffold1071	1019
Scaffold1072	413
JFJR01012969.1	847
Scaffold1078	1160
Scaffold1079	1731
Scaffold328	1879
Scaffold329	97
Scaffold324	2246
Scaffold325	725
JFJR01012768.1	360
Scaffold327	1516
Scaffold320	2173
Scaffold321	2270
JFJR01011729.1	362
Scaffold323	1299
Scaffold991	2014
JFJR01012736.1	365
JFJR01013345.1	368
JFJR01012667.1	369
JFJR01012730.1	370
JFJR01012539.1	1403
Scaffold1180	1344
Scaffold497	1258
Scaffold1182	101
Scaffold1183	447
Scaffold1184	448
JFJR01013082.1	850
Scaffold1186	456
Scaffold491	155
Scaffold1188	1985
Scaffold1189	1424
JFJR01013270.1	377
Scaffold498	403
Scaffold499	1900
Scaffold678	643
Scaffold679	2253
JFJR01012798.1	654
Scaffold677	1136
Scaffold674	656
Scaffold675	187
Scaffold672	1263
Scaffold673	1145
Scaffold670	739
JFJR01013519.1	381
Scaffold478	1656
Scaffold479	2029
Scaffold470	2387
Scaffold471	905
Scaffold472	1758
Scaffold473	1517
JFJR01012744.1	384
Scaffold475	1415
Scaffold476	2287
Scaffold477	144
Scaffold1458	649
Scaffold1456	1573
Scaffold1450	1577
Scaffold1451	724
Scaffold788	1065
Scaffold789	1602
JFJR01012734.1	394
Scaffold783	1938
Scaffold780	782
Scaffold786	1363
Scaffold787	1355
JFJR01013244.1	397
Scaffold785	426
JFJR01013509.1	398
JFJR01012752.1	400
JFJR01013396.1	25
JFJR01012750.1	405
JFJR01013148.1	406
JFJR01013052.1	2050
JFJR01013515.1	409
JFJR01013398.1	411
JFJR01012740.1	414
JFJR01012760.1	418
JFJR01012766.1	423
JFJR01013539.1	424
JFJR01012764.1	429
JFJR01013507.1	430
JFJR01013324.1	1657
JFJR01012290.1	203
JFJR01013222.1	440
JFJR01013527.1	442
JFJR01013525.1	446
Scaffold196	757
JFJR01013523.1	450
JFJR01012901.1	454
Scaffold192	1421
JFJR01012907.1	458
JFJR01013281.1	459
JFJR01013360.1	1808
JFJR01012823.1	1665
Scaffold209	266
JFJR01012913.1	471
Scaffold208	650
JFJR01013144.1	473
Scaffold1213	1529
Scaffold206	1929
JFJR01012915.1	476
Scaffold5	1937
JFJR01013293.1	465
Scaffold1211	2205
Scaffold1212	1343
JFJR01013146.1	478
Scaffold1214	702
Scaffold1215	2234
Scaffold1218	710
Scaffold3	1217
JFJR01013410.1	482
JFJR01011478.1	483
Scaffold201	580
JFJR01013069.1	487
JFJR01012981.1	871
JFJR01013535.1	42
JFJR01012813.1	491
JFJR01013166.1	493
JFJR01013537.1	495
Scaffold869	1046
Scaffold868	245
Scaffold867	1762
Scaffold866	163
Scaffold865	1685
Scaffold864	172
Scaffold863	1691
Scaffold862	181
Scaffold861	314
JFJR01013164.1	497
Scaffold1329	1083
Scaffold1324	475
Scaffold1325	238
Scaffold1326	436
Scaffold1327	83
Scaffold1321	1983
JFJR01013424.1	499
Scaffold1323	125
JFJR01012911.1	625
JFJR01013478.1	502
JFJR01012903.1	486
Scaffold265	278
Scaffold264	1110
Scaffold267	856
Scaffold266	12
Scaffold261	889
Scaffold260	935
JFJR01012805.1	504
JFJR01013043.1	648
JFJR01012780.1	143
Scaffold269	851
Scaffold268	4
JFJR01008577.1	667
JFJR01013152.1	509
JFJR01013529.1	511
JFJR01013408.1	512
JFJR01013045.1	692
JFJR01011460.1	514
Scaffold1067	378
Scaffold1066	1910
Scaffold1065	382
JFJR01013320.1	1689
Scaffold1062	390
Scaffold1061	1917
Scaffold426	1111
Scaffold1069	349
Scaffold1068	1864
Scaffold311	2160
Scaffold310	1308
Scaffold313	991
Scaffold312	1303
Scaffold315	2237
Scaffold314	1376
Scaffold317	1532
Scaffold316	2183
Scaffold319	427
Scaffold318	408
JFJR01013168.1	521
JFJR01012088.1	526
JFJR01012801.1	529
JFJR01012819.1	530
JFJR01012899.1	1856
Scaffold1193	855
Scaffold1191	480
Scaffold1190	714
Scaffold1197	1325
JFJR01013041.1	838
Scaffold1195	1332
Scaffold1194	1057
Scaffold1199	1290
Scaffold1198	435
JFJR01012696.1	535
Scaffold682	1395
Scaffold681	366
Scaffold680	730
Scaffold687	2228
Scaffold686	1371
Scaffold685	2232
Scaffold684	1885
JFJR01013368.1	868
Scaffold689	996
JFJR01011881.1	539
JFJR01013067.1	542
Scaffold449	2216
Scaffold448	439
Scaffold445	1077
Scaffold444	2332
JFJR01012809.1	545
Scaffold446	1550
Scaffold441	817
Scaffold440	807
Scaffold443	2369
JFJR01012778.1	2077
JFJR01013065.1	547
Scaffold1441	1524
Scaffold1440	2382
Scaffold1442	751
Scaffold1445	1228
Scaffold1444	618
Scaffold1447	728
Scaffold1446	2127
JFJR01013470.1	554
JFJR01013073.1	555
JFJR01012797.1	992
JFJR01013374.1	559
JFJR01013472.1	564
JFJR01013075.1	565
JFJR01012785.1	1033
JFJR01013077.1	570
JFJR01012698.1	573
JFJR01012787.1	576
Scaffold860	775
Scaffold940	2320
JFJR01012893.1	108
JFJR01013404.1	581
JFJR01013126.1	1686
JFJR01012640.1	584
JFJR01013057.1	585
JFJR01012578.1	1687
JFJR01013406.1	587
Scaffold945	790
JFJR01013134.1	590
JFJR01012793.1	1153
JFJR01013079.1	498
JFJR01012965.1	852
JFJR01013372.1	1293
JFJR01012791.1	598
JFJR01012984.1	603
JFJR01013340.1	604
Scaffold1322	1635
JFJR01013346.1	607
JFJR01013402.1	321
JFJR01012326.1	616
JFJR01013059.1	617
JFJR01013493.1	2169
JFJR01012701.1	114
JFJR01013482.1	621
JFJR01013322.1	1695
JFJR01012443.1	501
JFJR01013484.1	628
JFJR01012980.1	630
JFJR01012777.1	1300
JFJR01013006.1	904
JFJR01012986.1	637
JFJR01013342.1	638
JFJR01013371.1	2156
JFJR01013219.1	642
JFJR01012395.1	503
Scaffold74	1723
JFJR01013492.1	337
Scaffold1142	1863
JFJR01012988.1	1890
Scaffold1203	2301
Scaffold1201	1362
JFJR01013362.1	647
Scaffold1207	1306
Scaffold1206	921
Scaffold1205	2211
Scaffold1204	1914
Scaffold1209	1357
Scaffold262	1104
Scaffold736	1857
JFJR01012875.1	1896
Scaffold735	1649
JFJR01013480.1	653
Scaffold734	136
JFJR01013312.1	657
JFJR01012340.1	662
JFJR01012763.1	663
Scaffold878	26
Scaffold879	460
Scaffold874	467
Scaffold875	226
Scaffold877	462
Scaffold870	1122
Scaffold871	1699
JFJR01012761.1	669
JFJR01013229.1	670
JFJR01013316.1	672
JFJR01013502.1	673
Scaffold1337	661
Scaffold1336	1694
Scaffold1335	182
Scaffold1333	1022
Scaffold1332	242
Scaffold1331	982
Scaffold1330	250
JFJR01013504.1	680
JFJR01013227.1	683
JFJR01013195.1	686
JFJR01012771.1	687
JFJR01011564.1	688
JFJR01013239.1	689
Scaffold1101	608
JFJR01013221.1	693
JFJR01012291.1	694
Scaffold1052	1255
Scaffold1050	1250
Scaffold1051	399
Scaffold1056	404
Scaffold1057	1244
Scaffold1058	391
Scaffold1059	1276
Scaffold501	1791
JFJR01012921.1	1707
Scaffold306	777
Scaffold307	1632
Scaffold304	729
Scaffold305	2252
Scaffold302	651
Scaffold303	2187
Scaffold300	646
Scaffold301	2178
Scaffold308	1272
Scaffold309	2133
JFJR01013185.1	701
JFJR01013096.1	706
JFJR01013231.1	707
Scaffold1064	1915
JFJR01012733.1	126
JFJR01013237.1	713
JFJR01013199.1	716
JFJR01012863.1	717
Scaffold278	2389
Scaffold279	1530
JFJR01013225.1	720
Scaffold272	17
Scaffold273	866
Scaffold270	1764
Scaffold271	248
Scaffold276	1743
JFJR01013197.1	722
JFJR01013378.1	723
Scaffold275	257
Scaffold690	1304
Scaffold691	489
Scaffold692	1350
Scaffold693	494
Scaffold694	1354
Scaffold695	1008
Scaffold696	1903
Scaffold697	519
Scaffold698	1867
Scaffold699	433
Scaffold452	2026
Scaffold453	1464
Scaffold450	466
Scaffold451	1494
Scaffold456	1161
Scaffold457	110
Scaffold454	1834
Scaffold455	1380
Scaffold458	2
Scaffold459	262
JFJR01013201.1	1927
JFJR01013092.1	733
JFJR01012811.1	518
JFJR01013090.1	736
JFJR01013233.1	737
JFJR01013217.1	740
Scaffold447	1476
JFJR01013211.1	741
JFJR01013423.1	742
JFJR01012717.1	743
JFJR01012873.1	745
JFJR01013562.1	746
JFJR01013213.1	747
JFJR01013421.1	748
JFJR01012707.1	750
JFJR01013560.1	752
JFJR01013427.1	754
JFJR01012845.1	758
JFJR01013431.1	760
JFJR01012713.1	762
JFJR01012843.1	763
JFJR01013433.1	764
JFJR01012828.1	765
JFJR01012841.1	2193
JFJR01013435.1	767
JFJR01013114.1	1717
Scaffold7	1943
JFJR01012715.1	548
JFJR01012826.1	772
JFJR01012820.1	773
JFJR01012802.1	774
JFJR01012800.1	778
JFJR01013556.1	2326
JFJR01012850.1	784
JFJR01013337.1	785
JFJR01012852.1	792
JFJR01012830.1	793
JFJR01012854.1	798
JFJR01013111.1	803
JFJR01013457.1	804
JFJR01013070.1	805
Scaffold1238	691
Scaffold1239	2177
Scaffold1236	1292
Scaffold1237	438
Scaffold1234	1296
Scaffold1235	444
Scaffold1232	1302
Scaffold1233	2196
Scaffold1230	671
JFJR01013072.1	811
JFJR01013131.1	812
JFJR01013030.1	2023
JFJR01013445.1	814
JFJR01013391.1	1886
JFJR01013558.1	129
JFJR01013133.1	135
JFJR01013447.1	820
JFJR01011449.1	822
Scaffold934	2310
JFJR01013103.1	825
Scaffold841	7
Scaffold840	1793
Scaffold843	525
Scaffold842	421
Scaffold845	214
Scaffold844	1334
Scaffold847	2349
Scaffold846	1388
Scaffold849	1495
Scaffold848	801
JFJR01012954.1	830
Scaffold1308	1924
Scaffold1309	457
JFJR01013127.1	831
JFJR01013453.1	832
Scaffold1303	386
Scaffold1300	2269
Scaffold1301	1396
Scaffold1306	392
JFJR01012956.1	834
JFJR01013125.1	835
JFJR01012807.1	532
JFJR01013323.1	270
JFJR01012689.1	837
Scaffold1196	437
JFJR01013129.1	839
JFJR01012944.1	842
Scaffold1045	629
Scaffold1046	2153
Scaffold1041	1785
Scaffold1040	264
Scaffold1043	407
Scaffold1042	1262
JFJR01012920.1	844
JFJR01012942.1	845
Scaffold997	2061
Scaffold996	1183
Scaffold995	1437
Scaffold994	575
Scaffold993	1428
Scaffold992	1156
JFJR01012940.1	848
Scaffold990	1185
Scaffold999	296
Scaffold998	1204
Scaffold513	36
Scaffold512	1004
Scaffold511	153
Scaffold510	1128
Scaffold517	1247
Scaffold516	1007
Scaffold515	162
Scaffold514	2189
JFJR01013272.1	854
Scaffold519	1737
Scaffold518	721
JFJR01012967.1	1894
JFJR01012124.1	860
JFJR01012979.1	863
Scaffold199	610
Scaffold198	350
Scaffold197	1195
JFJR01012961.1	449
Scaffold195	588
Scaffold194	1353
Scaffold193	496
JFJR01012983.1	455
Scaffold191	563
Scaffold190	1358
Scaffold9	86
Scaffold8	124
Scaffold207	1236
Scaffold6	419
Scaffold205	1850
Scaffold4	374
Scaffold203	569
Scaffold2	434
Scaffold1	1289
Scaffold0	441
JFJR01012693.1	873
Scaffold688	1368
Scaffold950	2342
JFJR01012973.1	875
JFJR01013246.1	506
Scaffold427	192
JFJR01013449.1	877
Scaffold425	1970
Scaffold424	1071
Scaffold423	2085
Scaffold422	1175
Scaffold421	2109
Scaffold420	553
JFJR01012971.1	528
JFJR01013012.1	883
Scaffold429	197
Scaffold428	1034
JFJR01013276.1	887
JFJR01012977.1	557
JFJR01013010.1	893
JFJR01012991.1	894
JFJR01013274.1	895
JFJR01013459.1	898
JFJR01012681.1	899
Scaffold763	1440
JFJR01013311.1	902
JFJR01013020.1	903
Scaffold739	1041
Scaffold738	1899
Scaffold733	1622
Scaffold732	107
Scaffold731	1586
Scaffold730	704
Scaffold737	1645
JFJR01012679.1	908
JFJR01012691.1	879
JFJR01013313.1	910
JFJR01013000.1	911
JFJR01013242.1	913
JFJR01012959.1	1742
JFJR01010968.1	914
JFJR01013002.1	705
JFJR01013240.1	919
Scaffold442	2325
Scaffold784	2279
Scaffold1060	2137
JFJR01012613.1	924
JFJR01013008.1	925
JFJR01012687.1	929
JFJR01012976.1	1747
JFJR01012794.1	931
JFJR01012886.1	2171
JFJR01011841.1	891
JFJR01011654.1	917
JFJR01012617.1	947
JFJR01009309.1	950
JFJR01013301.1	951
JFJR01012586.1	953
JFJR01012006.1	954
JFJR01013278.1	1574
JFJR01013373.1	2151
JFJR01012369.1	965
JFJR01012582.1	966
JFJR01012605.1	969
JFJR01013188.1	1030
JFJR01012665.1	1166
JFJR01011664.1	978
JFJR01012884.1	1194
JFJR01013214.1	980
JFJR01013128.1	1703
Scaffold1229	2204
Scaffold1228	678
Scaffold1221	1829
Scaffold1225	75
Scaffold1224	1514
Scaffold1227	269
JFJR01013216.1	983
JFJR01012864.1	984
JFJR01012661.1	985
JFJR01012888.1	986
JFJR01012714.1	275
JFJR01012252.1	990
JFJR01012718.1	1167
Scaffold508	2323
Scaffold1200	2220
JFJR01012746.1	993
Scaffold856	193
Scaffold857	1094
Scaffold854	189
Scaffold855	1035
Scaffold852	797
Scaffold853	1028
Scaffold850	196
Scaffold851	1648
Scaffold858	260
Scaffold859	2317
Scaffold1315	227
Scaffold1314	1745
Scaffold1316	1126
JFJR01012898.1	833
Scaffold1310	1980
Scaffold1313	221
JFJR01013388.1	1000
Scaffold1319	1736
Scaffold1318	1977
JFJR01010431.1	1203
JFJR01012728.1	1251
JFJR01012896.1	1286
JFJR01013533.1	1013
Scaffold1038	342
JFJR01010145.1	1014
Scaffold1030	915
Scaffold1031	1769
Scaffold1032	869
JFJR01012857.1	1017
JFJR01012890.1	1018
Scaffold1035	1881
Scaffold1036	335
Scaffold1037	1847
Scaffold676	2201
JFJR01012859.1	1020
Scaffold984	2080
Scaffold986	549
Scaffold987	2073
Scaffold980	329
Scaffold981	1170
Scaffold982	322
Scaffold983	552
Scaffold469	1527
Scaffold988	546
Scaffold989	2044
Scaffold500	1037
JFJR01013180.1	1025
Scaffold502	1032
Scaffold503	1757
Scaffold504	1401
Scaffold505	1551
Scaffold506	989
Scaffold507	1920
JFJR01013390.1	1026
Scaffold509	150
JFJR01013182.1	1029
JFJR01013392.1	759
Scaffold1144	38
Scaffold1147	888
Scaffold1140	1511
Scaffold189	975
JFJR01010159.1	1036
Scaffold1143	880
Scaffold184	1438
Scaffold185	1721
Scaffold186	1975
Scaffold187	595
JFJR01013394.1	1038
Scaffold1149	284
Scaffold182	1374
Scaffold183	1205
Scaffold218	582
Scaffold219	2108
Scaffold214	1223
Scaffold215	2081
Scaffold216	612
Scaffold217	2143
Scaffold210	2083
JFJR01013531.1	1043
Scaffold212	2124
JFJR01013289.1	1045
Scaffold1075	412
JFJR01013248.1	1615
Scaffold434	523
JFJR01012658.1	1794
Scaffold436	492
Scaffold437	1345
Scaffold430	1040
Scaffold431	160
Scaffold432	1012
Scaffold433	2046
Scaffold438	318
Scaffold439	703
JFJR01013108.1	1051
Scaffold1494	1660
JFJR01013521.1	1576
JFJR01013158.1	1056
JFJR01012849.1	1389
JFJR01012732.1	979
JFJR01013106.1	1061
JFJR01012905.1	1734
Scaffold728	735
Scaffold729	1583
Scaffold124	2008
JFJR01013100.1	1063
Scaffold722	111
Scaffold723	957
Scaffold724	116
Scaffold725	962
Scaffold726	119
Scaffold727	972
JFJR01012925.1	1064
JFJR01012909.1	1066
JFJR01012927.1	1067
JFJR01012788.1	1069
JFJR01013121.1	827
JFJR01013549.1	1070
JFJR01013513.1	2170
Scaffold80	2298
Scaffold81	821
Scaffold82	1676
Scaffold83	297
Scaffold84	2304
Scaffold85	928
Scaffold86	572
Scaffold87	958
Scaffold88	605
Scaffold89	1002
JFJR01013172.1	1073
Scaffold1385	1862
JFJR01012917.1	1075
JFJR01013476.1	1076
JFJR01013285.1	1079
JFJR01013174.1	1080
JFJR01012919.1	1081
Scaffold892	988
Scaffold893	1377
JFJR01013283.1	1084
Scaffold234	1470
Scaffold891	2219
JFJR01013299.1	1087
JFJR01013104.1	1088
JFJR01012939.1	1089
JFJR01011254.1	1090
Scaffold896	2293
Scaffold1226	1600
Scaffold233	1506
JFJR01013400.1	1093
Scaffold894	2276
JFJR01012716.1	1095
JFJR01013295.1	1841
JFJR01012935.1	1097
Scaffold231	1513
JFJR01013162.1	1098
JFJR01013033.1	1780
JFJR01013297.1	1873
JFJR01012974.1	1100
JFJR01012933.1	1101
JFJR01010659.1	1102
JFJR01013160.1	1107
JFJR01013363.1	2175
JFJR01013291.1	1112
JFJR01012929.1	1115
JFJR01013170.1	1116
JFJR01013474.1	1117
JFJR01012978.1	1118
JFJR01013553.1	1119
JFJR01013150.1	1120
JFJR01013047.1	1121
JFJR01011480.1	1124
JFJR01013551.1	1125
JFJR01013156.1	1705
JFJR01013049.1	1130
Scaffold68	2037
Scaffold69	796
JFJR01012648.1	1132
JFJR01013154.1	1133
Scaffold62	2385
Scaffold63	1450
Scaffold60	2292
Scaffold61	1934
Scaffold66	550
Scaffold67	51
Scaffold64	1640
Scaffold65	1408
Scaffold140	1786
JFJR01013029.1	1135
Scaffold417	1810
JFJR01012937.1	1137
Scaffold142	2346
Scaffold415	2242
JFJR01013541.1	1141
JFJR01013025.1	1142
Scaffold412	1454
JFJR01013328.1	1144
JFJR01012838.1	1386
Scaffold413	2311
Scaffold410	828
JFJR01013543.1	1146
JFJR01013023.1	1147
Scaffold411	2315
JFJR01013458.1	2106
JFJR01013039.1	1150
JFJR01013318.1	592
JFJR01013037.1	1158
JFJR01012111.1	1162
JFJR01013031.1	1164
Scaffold1360	415
Scaffold1361	1265
Scaffold1362	379
JFJR01011706.1	1165
Scaffold1364	1060
Scaffold1365	755
Scaffold1366	1534
Scaffold1367	1882
Scaffold1368	999
Scaffold1369	789
JFJR01013547.1	1169
JFJR01013027.1	1360
JFJR01013326.1	1174
Scaffold1378	2203
Scaffold1029	1823
Scaffold1028	974
JFJR01013091.1	2268
Scaffold1023	2191
Scaffold1022	1005
Scaffold1021	1245
JFJR01012581.1	1180
Scaffold1027	1831
Scaffold1026	981
Scaffold1025	2392
Scaffold1024	1499
JFJR01013260.1	994
JFJR01013385.1	995
JFJR01013035.1	1186
JFJR01005037.1	1187
Scaffold535	281
Scaffold534	1113
Scaffold537	1178
Scaffold531	2128
Scaffold530	600
Scaffold533	276
Scaffold532	1105
Scaffold539	90
Scaffold538	340
JFJR01013501.1	2197
JFJR01013053.1	1197
Scaffold1157	16
Scaffold1156	1546
JFJR01012646.1	1201
Scaffold1153	786
Scaffold1152	31
Scaffold1151	289
Scaffold1150	1798
Scaffold483	177
Scaffold1159	8
Scaffold1158	1541
Scaffold221	1533
Scaffold220	2388
Scaffold223	2138
JFJR01012480.1	209
Scaffold889	1633
Scaffold888	152
Scaffold227	1171
JFJR01012769.1	1208
Scaffold885	1055
Scaffold228	1264
Scaffold887	1671
Scaffold886	1923
Scaffold881	1050
Scaffold880	1982
Scaffold883	1006
Scaffold882	1911
Scaffold409	1679
Scaffold408	1442
Scaffold159	79
Scaffold158	2051
JFJR01013462.1	1209
Scaffold153	5
Scaffold152	23
Scaffold403	556
JFJR01013344.1	140
Scaffold405	469
Scaffold156	744
Scaffold407	1684
Scaffold154	857
JFJR01013460.1	1213
Scaffold1484	147
JFJR01013249.1	1216
Scaffold247	2082
JFJR01012779.1	1218
Scaffold526	1836
JFJR01013348.1	1222
JFJR01013503.1	2202
JFJR01012743.1	1229
JFJR01013486.1	1232
JFJR01013259.1	1233
Scaffold719	527
Scaffold718	1405
Scaffold715	2186
JFJR01012745.1	287
Scaffold717	544
Scaffold716	2018
Scaffold711	541
Scaffold710	2041
Scaffold713	578
Scaffold712	1398
JFJR01013488.1	1239
JFJR01013358.1	1240
JFJR01013228.1	2200
Scaffold1574	1641
JFJR01013464.1	326
JFJR01013245.1	1248
JFJR01013107.1	215
Scaffold97	431
Scaffold96	1279
Scaffold95	428
Scaffold94	2285
Scaffold93	776
Scaffold92	1905
Scaffold91	2290
Scaffold90	1696
JFJR01013356.1	1252
Scaffold99	1052
Scaffold98	1284
JFJR01011720.1	1801
Scaffold667	29
JFJR01013397.1	1256
JFJR01013350.1	1257
JFJR01013399.1	422
JFJR01012741.1	1267
JFJR01013257.1	1270
JFJR01013196.1	2210
Scaffold705	2291
JFJR01011563.1	2212
JFJR01011617.1	1274
JFJR01012767.1	1275
Scaffold462	13
JFJR01012765.1	1278
Scaffold467	1521
JFJR01013506.1	1282
JFJR01013354.1	1285
JFJR01012724.1	1011
JFJR01012773.1	1288
JFJR01013223.1	1291
JFJR01012775.1	597
JFJR01013526.1	1294
Scaffold79	1429
Scaffold78	445
JFJR01013370.1	631
JFJR01013524.1	1301
Scaffold71	788
Scaffold70	2021
Scaffold73	859
Scaffold72	2336
Scaffold75	816
JFJR01012700.1	1630
Scaffold77	810
Scaffold76	474
JFJR01013522.1	1307
JFJR01013235.1	1311
JFJR01012757.1	1312
JFJR01011090.1	1313
JFJR01012306.1	1314
JFJR01013512.1	1315
Scaffold1033	2379
JFJR01012722.1	1318
JFJR01013510.1	1319
JFJR01013516.1	1324
Scaffold1465	1655
JFJR01012912.1	1328
JFJR01011459.1	1329
JFJR01013429.1	1331
JFJR01012914.1	1335
JFJR01013292.1	1336
Scaffold1373	819
Scaffold1372	2167
Scaffold1371	779
Scaffold1370	1634
Scaffold1377	1309
JFJR01010668.1	1337
Scaffold1374	2207
Scaffold824	1877
JFJR01012759.1	1347
JFJR01013439.1	1349
JFJR01013080.1	973
Scaffold1016	254
Scaffold1017	1771
Scaffold1014	1998
Scaffold1015	1148
Scaffold1012	2004
Scaffold1013	1152
Scaffold1010	348
Scaffold1011	1192
JFJR01012384.1	1356
Scaffold1018	2010
Scaffold1019	1154
JFJR01013078.1	1361
JFJR01013425.1	1364
JFJR01012910.1	1367
JFJR01012868.1	1023
JFJR01012804.1	1369
JFJR01013153.1	1370
JFJR01011479.1	1039
JFJR01013528.1	1372
JFJR01013409.1	1373
JFJR01013151.1	1375
Scaffold1162	922
Scaffold1163	1778
Scaffold1160	1536
Scaffold1161	1784
Scaffold1166	1800
Scaffold1167	1575
Scaffold1164	948
Scaffold1165	1805
JFJR01013084.1	1378
Scaffold1168	1606
Scaffold1169	1990
JFJR01013437.1	1078
Scaffold236	568
Scaffold237	690
Scaffold890	156
Scaffold235	1503
Scaffold232	652
Scaffold897	420
Scaffold230	1260
Scaffold895	272
JFJR01013086.1	1383
Scaffold899	451
Scaffold204	2096
Scaffold238	562
Scaffold239	2093
Scaffold148	299
Scaffold149	2343
Scaffold418	1001
Scaffold419	1414
Scaffold416	1384
Scaffold141	339
Scaffold414	1446
Scaffold143	1129
Scaffold144	874
Scaffold145	1379
Scaffold146	771
Scaffold147	1803
JFJR01013141.1	1390
JFJR01013417.1	1391
JFJR01012847.1	1392
JFJR01013415.1	1393
JFJR01012806.1	1394
Scaffold528	1074
Scaffold529	1365
Scaffold522	88
Scaffold523	1435
Scaffold521	1253
JFJR01013413.1	1397
Scaffold527	323
Scaffold524	1772
Scaffold525	249
JFJR01011023.1	1234
Scaffold793	1054
JFJR01012695.1	1402
Scaffold702	1463
Scaffold703	2284
Scaffold700	551
Scaffold701	2322
Scaffold706	1422
Scaffold707	508
Scaffold704	1417
JFJR01012808.1	1404
Scaffold708	298
Scaffold709	513
Scaffold792	2024
JFJR01013518.1	1409
JFJR01013442.1	1822
JFJR01012685.1	1412
JFJR01012836.1	560
JFJR01012796.1	1416
JFJR01013074.1	1418
JFJR01012834.1	1423
JFJR01013076.1	1425
JFJR01011981.1	1426
JFJR01012699.1	1430
JFJR01012832.1	1431
JFJR01012814.1	1433
JFJR01012697.1	1439
JFJR01013405.1	1441
JFJR01013380.1	1861
JFJR01013303.1	1487
JFJR01013056.1	1445
JFJR01013407.1	1448
JFJR01013088.1	1449
Scaffold188	1942
JFJR01013135.1	1451
JFJR01013054.1	1453
JFJR01013319.1	1455
JFJR01012789.1	1456
JFJR01013137.1	1459
Scaffold1511	787
JFJR01012790.1	1462
JFJR01012985.1	1465
Scaffold1148	46
Scaffold181	2230
JFJR01013062.1	1468
JFJR01013419.1	1469
JFJR01013123.1	1471
Scaffold48	644
JFJR01012262.1	1472
Scaffold44	1168
Scaffold45	1500
Scaffold46	640
Scaffold47	1827
Scaffold40	1143
Scaffold41	302
Scaffold42	1172
Scaffold43	325
JFJR01012327.1	1478
JFJR01013305.1	1479
JFJR01013058.1	1480
JFJR01011277.1	1481
JFJR01012997.1	1485
JFJR01013483.1	1486
JFJR01012948.1	1488
JFJR01012726.1	1042
JFJR01013490.1	1490
JFJR01013485.1	1491
JFJR01012946.1	1493
Scaffold211	1269
JFJR01012987.1	1496
JFJR01013218.1	1501
Scaffold1348	1538
Scaffold1349	195
Scaffold1346	1571
Scaffold1347	682
Scaffold1344	1599
Scaffold1345	76
Scaffold1342	1652
Scaffold1343	141
Scaffold1340	1662
Scaffold1341	148
JFJR01012993.1	1504
JFJR01012995.1	1509
JFJR01013481.1	1510
JFJR01011581.1	1512
JFJR01012999.1	1519
Scaffold496	1746
Scaffold1001	1138
JFJR01013315.1	1522
Scaffold1003	1750
Scaffold1002	890
Scaffold1004	290
Scaffold1007	1123
Scaffold1009	1131
Scaffold1008	294
JFJR01012792.1	1526
Scaffold953	174
Scaffold952	1683
Scaffold951	170
JFJR01013317.1	1528
Scaffold957	2056
Scaffold956	2316
Scaffold955	1460
Scaffold954	1693
Scaffold959	2324
Scaffold399	567
Scaffold398	1420
Scaffold391	1870
Scaffold390	1833
Scaffold393	2054
Scaffold392	1838
Scaffold395	2057
JFJR01012770.1	916
Scaffold397	561
Scaffold396	1207
Scaffold1175	1767
Scaffold1174	1109
Scaffold1177	1966
Scaffold1176	2225
Scaffold1171	1339
Scaffold1170	485
Scaffold1173	1346
Scaffold1172	1082
JFJR01013004.1	1544
JFJR01012631.1	1545
JFJR01012345.1	1547
JFJR01013309.1	1548
JFJR01013268.1	1549
JFJR01012846.1	2258
JFJR01012633.1	1553
Scaffold179	2235
Scaffold178	371
JFJR01013230.1	1559
Scaffold175	463
Scaffold174	2002
Scaffold177	2245
JFJR01013252.1	1561
Scaffold171	2266
Scaffold170	1342
Scaffold173	2148
Scaffold172	738
JFJR01013497.1	1563
Scaffold200	2145
JFJR01012639.1	906
Scaffold1305	1919
JFJR01012627.1	1567
Scaffold559	896
Scaffold558	1751
JFJR01013314.1	664
Scaffold555	1348
Scaffold554	961
Scaffold553	1816
Scaffold552	353
Scaffold551	1193
Scaffold550	952
Scaffold490	2185
Scaffold776	453
Scaffold775	881
Scaffold774	2367
Scaffold773	1310
Scaffold772	1163
Scaffold771	1382
Scaffold770	212
Scaffold779	1969
Scaffold778	791
JFJR01013495.1	2165
JFJR01006593.1	1581
JFJR01013232.1	1585
Scaffold873	230
JFJR01013184.1	1588
JFJR01013499.1	593
JFJR01013382.1	1592
JFJR01013210.1	1594
Scaffold609	1965
Scaffold608	1099
JFJR01013412.1	2267
Scaffold603	210
Scaffold602	1727
Scaffold601	184
Scaffold600	1700
Scaffold607	2281
Scaffold606	1114
Scaffold605	1976
Scaffold604	1725
JFJR01013212.1	1598
Scaffold1339	700
Scaffold1338	2192
Scaffold134	229
JFJR01013262.1	1604
JFJR01012546.1	1605
JFJR01012668.1	2280
JFJR01013264.1	1607
JFJR01013430.1	1608
JFJR01012620.1	676
JFJR01012860.1	134
JFJR01012842.1	1611
JFJR01013266.1	1612
JFJR01013432.1	1613
JFJR01011115.1	1614
JFJR01012710.1	167
JFJR01012840.1	1320
JFJR01013434.1	1621
Scaffold683	395
JFJR01012720.1	222
JFJR01013206.1	1625
JFJR01012706.1	228
Scaffold49	2045
JFJR01013387.1	1629
Scaffold52	677
Scaffold51	2016
Scaffold50	1157
JFJR01012876.1	267
Scaffold56	843
Scaffold55	288
Scaffold54	577
Scaffold59	1515
Scaffold58	507
JFJR01013307.1	1474
JFJR01012874.1	303
JFJR01012851.1	319
JFJR01012878.1	1636
JFJR01013555.1	1638
JFJR01009825.1	1639
Scaffold721	237
JFJR01012831.1	1643
JFJR01012708.1	1644
JFJR01012855.1	1646
JFJR01012725.1	1647
JFJR01013333.1	113
JFJR01012475.1	2273
JFJR01013208.1	1651
JFJR01013545.1	417
JFJR01012872.1	2274
JFJR01013456.1	432
Scaffold1358	1259
Scaffold1350	1009
Scaffold1353	1016
Scaffold1352	157
Scaffold1355	936
Scaffold1354	164
Scaffold1357	410
Scaffold1356	93
JFJR01013376.1	1874
JFJR01013559.1	1672
JFJR01012636.1	1673
Scaffold263	268
JFJR01013557.1	517
JFJR01013192.1	1678
JFJR01012894.1	1489
JFJR01013102.1	1680
JFJR01010910.1	2174
JFJR01013190.1	1681
JFJR01012891.1	1872
JFJR01012897.1	1865
Scaffold941	1407
Scaffold942	1675
Scaffold943	780
Scaffold944	858
JFJR01013452.1	589
Scaffold946	2338
Scaffold948	799
JFJR01013124.1	1692
JFJR01013450.1	622
JFJR01012688.1	1697
Scaffold388	1828
Scaffold389	315
Scaffold386	1188
Scaffold387	313
Scaffold384	1818
Scaffold385	941
Scaffold382	1182
Scaffold383	964
JFJR01013176.1	1704
Scaffold381	343
Scaffold1109	199
JFJR01012892.1	1624
JFJR01012630.1	696
Scaffold1103	1477
Scaffold1104	1283
Scaffold1105	1508
Scaffold1106	655
Scaffold1107	2117
JFJR01013178.1	1708
JFJR01012943.1	1709
JFJR01012119.1	1710
JFJR01013426.1	2283
JFJR01012923.1	1711
JFJR01013194.1	1712
JFJR01012941.1	1713
JFJR01013118.1	1714
JFJR01013083.1	1715
Scaffold162	781
Scaffold163	2224
Scaffold160	753
Scaffold161	2221
Scaffold166	732
Scaffold167	2257
Scaffold164	1327
Scaffold165	2263
Scaffold168	727
Scaffold169	481
JFJR01012931.1	1719
JFJR01012957.1	1720
Scaffold482	1690
JFJR01012125.1	1475
JFJR01013112.1	1722
JFJR01013287.1	1072
JFJR01012951.1	1724
JFJR01013369.1	1728
Scaffold548	841
Scaffold549	1199
JFJR01012953.1	1729
Scaffold544	338
Scaffold545	87
Scaffold546	344
Scaffold547	2381
Scaffold540	938
Scaffold541	95
Scaffold542	942
Scaffold543	1688
JFJR01013466.1	1732
JFJR01012972.1	861
JFJR01013247.1	1738
Scaffold764	2305
Scaffold765	1447
Scaffold766	2312
Scaffold767	1953
Scaffold760	1134
Scaffold761	1884
Scaffold762	1027
JFJR01012970.1	901
Scaffold768	401
Scaffold769	1654
JFJR01012866.1	987
JFJR01012990.1	1749
JFJR01013116.1	1753
JFJR01013565.1	1754
JFJR01012992.1	1755
JFJR01012680.1	1756
JFJR01013021.1	1759
JFJR01013255.1	1760
Scaffold618	1085
Scaffold619	251
JFJR01012682.1	1763
Scaffold610	1068
Scaffold611	1316
Scaffold612	1507
Scaffold613	198
Scaffold614	375
Scaffold615	1992
Scaffold616	1200
Scaffold617	826
JFJR01013001.1	1768
JFJR01013243.1	1770
JFJR01008464.1	574
JFJR01013468.1	1773
JFJR01013003.1	1774
Scaffold1439	1595
JFJR01013241.1	1775
Scaffold1436	72
Scaffold1430	67
JFJR01012737.1	1888
Scaffold1432	1590
JFJR01012781.1	538
JFJR01013011.1	1781
JFJR01013009.1	1783
JFJR01013443.1	1787
JFJR01013017.1	1788
JFJR01013251.1	1790
JFJR01013015.1	1792
JFJR01012833.1	2295
JFJR01013253.1	1181
JFJR01012606.1	1796
JFJR01013019.1	1797
Scaffold280	2383
Scaffold26	1777
Scaffold27	1400
Scaffold24	1812
Scaffold25	255
Scaffold22	946
Scaffold23	960
Scaffold20	1744
Scaffold21	594
JFJR01012731.1	1892
Scaffold28	1047
Scaffold29	2107
JFJR01013300.1	1804
Scaffold1299	1887
JFJR01012587.1	1807
Scaffold1290	1467
Scaffold1291	1895
JFJR01012672.1	1809
Scaffold1293	1106
Scaffold1294	1967
Scaffold1295	367
JFJR01012674.1	1814
JFJR01012583.1	2256
JFJR01013334.1	1410
Scaffold920	1587
Scaffold921	1338
JFJR01012662.1	1830
JFJR01012660.1	1837
JFJR01010160.1	1843
Scaffold574	1735
JFJR01012654.1	1858
JFJR01012650.1	1848
JFJR01013261.1	1851
JFJR01012656.1	1853
JFJR01012749.1	1854
JFJR01013263.1	1855
Scaffold975	558
Scaffold974	1413
Scaffold977	524
Scaffold976	1387
Scaffold971	1419
Scaffold970	571
Scaffold973	566
Scaffold979	2059
Scaffold978	301
Scaffold277	882
JFJR01012729.1	1618
Scaffold274	2386
Scaffold373	824
Scaffold372	94
Scaffold371	937
Scaffold370	98
Scaffold377	959
Scaffold376	56
Scaffold375	609
Scaffold374	89
Scaffold379	955
Scaffold378	1811
JFJR01012428.1	1659
JFJR01013352.1	1869
Scaffold402	802
Scaffold1119	602
Scaffold1118	2134
Scaffold1113	596
JFJR01012723.1	1682
Scaffold1111	166
Scaffold1110	372
Scaffold1116	591
Scaffold1115	768
JFJR01012739.1	1875
Scaffold1219	2238
JFJR01013377.1	2036
JFJR01013566.1	726
Scaffold117	543
Scaffold116	2065
Scaffold115	537
Scaffold114	2347
Scaffold113	2166
Scaffold112	1298
Scaffold111	2157
Scaffold110	1305
JFJR01012881.1	1776
Scaffold119	1091
Scaffold118	2070
Scaffold287	865
Scaffold286	24
Scaffold285	1483
Scaffold284	2353
Scaffold283	1520
Scaffold282	2378
Scaffold281	1525
JFJR01013393.1	1891
JFJR01012887.1	1802
Scaffold289	870
Scaffold288	632
JFJR01013203.1	1897
JFJR01013441.1	2390
JFJR01013395.1	1820
Scaffold571	1399
Scaffold570	2300
Scaffold573	918
Scaffold572	1623
Scaffold575	872
JFJR01013455.1	1458
Scaffold577	516
Scaffold576	154
Scaffold579	99
Scaffold578	1661
JFJR01012354.1	1904
JFJR01013271.1	1906
Scaffold759	909
Scaffold758	1021
JFJR01011508.1	1908
Scaffold751	1015
Scaffold750	169
Scaffold753	1176
Scaffold752	1261
Scaffold755	1268
Scaffold757	1880
Scaffold756	1859
Scaffold1185	1971
Scaffold599	2058
Scaffold598	531
Scaffold593	1907
Scaffold592	2380
Scaffold591	1523
Scaffold590	2329
Scaffold597	2033
Scaffold596	534
Scaffold595	2111
Scaffold594	658
JFJR01013520.1	1918
JFJR01013159.1	1921
JFJR01012883.1	1922
JFJR01012755.1	1925
Scaffold629	470
Scaffold628	932
Scaffold625	80
Scaffold624	930
Scaffold627	241
Scaffold626	900
Scaffold621	1842
Scaffold620	324
Scaffold623	77
Scaffold622	332
JFJR01012751.1	1931
JFJR01013149.1	1933
JFJR01013514.1	1935
Scaffold1429	1619
Scaffold1428	583
Scaffold226	1227
Scaffold1425	613
Scaffold1424	2150
Scaffold1423	1151
Scaffold1422	2188
Scaffold1421	1323
Scaffold1420	306
JFJR01013173.1	1941
JFJR01012916.1	1947
JFJR01013099.1	2327
JFJR01013538.1	1944
JFJR01013175.1	1945
JFJR01012918.1	1946
JFJR01013298.1	1948
JFJR01012938.1	1949
JFJR01013294.1	1954
JFJR01012934.1	1955
JFJR01013440.1	2330
JFJR01013403.1	1959
JFJR01012735.1	1960
JFJR01012908.1	1961
JFJR01012655.1	1664
JFJR01013296.1	1963
JFJR01012932.1	1964
Scaffold35	2152
Scaffold34	1824
Scaffold37	2146
Scaffold36	626
Scaffold31	217
Scaffold30	345
Scaffold33	2074
Scaffold32	867
JFJR01013290.1	1968
Scaffold39	2182
Scaffold38	619
JFJR01012364.1	1972
JFJR01013171.1	1973
Scaffold1289	1901
Scaffold1288	1044
Scaffold1283	520
Scaffold1282	923
Scaffold1281	49
Scaffold1287	1868
Scaffold1285	1010
Scaffold1284	1385
JFJR01013157.1	1981
JFJR01012906.1	1984
JFJR01013280.1	2377
JFJR01013155.1	1987
JFJR01012936.1	1993
JFJR01013401.1	1995
JFJR01013540.1	1996
JFJR01013143.1	1997
JFJR01013542.1	1999
JFJR01013145.1	2000
JFJR01013038.1	2003
JFJR01013147.1	2005
JFJR01012889.1	1871
JFJR01013411.1	2006
JFJR01012902.1	146
JFJR01012753.1	1928
JFJR01013068.1	2009
JFJR01012474.1	2011
JFJR01013534.1	2012
JFJR01012812.1	2013
JFJR01013036.1	175
JFJR01011182.1	2015
JFJR01012110.1	2017
JFJR01013167.1	2019
Scaffold968	2335
Scaffold969	1432
JFJR01013536.1	2022
Scaffold962	2031
Scaffold963	505
Scaffold960	2062
Scaffold961	533
Scaffold966	794
Scaffold964	2068
Scaffold965	536
JFJR01012772.1	2064
JFJR01012705.1	2027
JFJR01013479.1	2028
Scaffold360	1406
Scaffold361	1584
Scaffold362	334
JFJR01012611.1	2032
Scaffold364	32
Scaffold365	1593
Scaffold366	66
Scaffold367	660
Scaffold368	1832
Scaffold369	944
JFJR01013042.1	2035
Scaffold394	1198
Scaffold1126	1235
Scaffold1127	354
Scaffold1124	300
Scaffold1125	358
Scaffold1122	1243
Scaffold1123	2098
Scaffold1121	2103
JFJR01013044.1	2039
Scaffold1129	1706
JFJR01012816.1	2040
JFJR01013532.1	2042
JFJR01012810.1	2043
JFJR01013034.1	363
JFJR01013169.1	2047
Scaffold104	1297
Scaffold105	57
Scaffold106	1295
Scaffold107	402
Scaffold100	1912
Scaffold101	425
Scaffold102	1940
Scaffold103	243
Scaffold108	1930
Scaffold109	2161
Scaffold294	1443
Scaffold295	1498
Scaffold296	623
Scaffold297	2149
Scaffold290	635
Scaffold291	1497
Scaffold292	601
Scaffold293	1466
JFJR01012871.1	2053
Scaffold298	139
Scaffold299	1650
JFJR01013050.1	2055
JFJR01012818.1	2060
Scaffold566	1
Scaffold567	385
Scaffold564	50
Scaffold565	2334
Scaffold562	761
Scaffold563	1411
Scaffold560	52
Scaffold561	515
JFJR01013040.1	2063
JFJR01013375.1	1543
Scaffold568	2344
Scaffold569	1461
JFJR01013463.1	2066
JFJR01013060.1	2067
JFJR01012949.1	2354
Scaffold748	2297
Scaffold749	387
Scaffold746	685
Scaffold747	1053
Scaffold744	1951
Scaffold745	599
Scaffold742	846
Scaffold743	2360
Scaffold740	1826
Scaffold741	1031
Scaffold588	586
Scaffold589	2179
JFJR01013461.1	2071
JFJR01013066.1	2072
JFJR01013548.1	1936
Scaffold580	1473
Scaffold581	1986
Scaffold582	1139
Scaffold583	1991
Scaffold584	1096
Scaffold585	1958
Scaffold586	614
Scaffold587	1482
Scaffold248	1839
JFJR01012647.1	357
JFJR01013064.1	2078
JFJR01012325.1	2079
JFJR01013471.1	2084
JFJR01013487.1	2086
JFJR01013258.1	2087
JFJR01013364.1	2088
Scaffold632	968
Scaffold633	1381
Scaffold630	1579
Scaffold631	1821
Scaffold636	133
Scaffold637	2340
JFJR01013473.1	2091
Scaffold635	1557
Scaffold638	61
Scaffold639	1597
JFJR01013489.1	2094
JFJR01012651.1	2095
JFJR01013359.1	2097
JFJR01012784.1	2099
JFJR01012337.1	2101
Scaffold1418	330
Scaffold1419	1321
Scaffold1412	1242
Scaffold1413	389
JFJR01012786.1	2105
Scaffold1411	364
Scaffold1416	320
Scaffold1417	1845
Scaffold1415	1840
JFJR01013361.1	2112
JFJR01013357.1	2113
JFJR01013349.1	2116
JFJR01012317.1	2118
JFJR01013351.1	2119
Scaffold666	1580
JFJR01012853.1	1642
JFJR01010254.1	2123
JFJR01013444.1	2363
JFJR01013477.1	106
Scaffold322	1127
JFJR01013256.1	813
JFJR01013341.1	2132
JFJR01013347.1	2136
JFJR01011569.1	2139
JFJR01012880.1	2140
JFJR01013355.1	2144
JFJR01012861.1	2147
Scaffold176	1989
JFJR01012774.1	963
JFJR01013186.1	1562
JFJR01013446.1	2368
JFJR01013365.1	2155
JFJR01012776.1	2049
JFJR01013343.1	2162
JFJR01013367.1	1048
Scaffold1426	2110
JFJR01013234.1	1059
JFJR01012756.1	2168
Scaffold1382	1825
Scaffold1383	1003
Scaffold1380	1340
Scaffold1381	976
Scaffold1386	998
Scaffold1387	1957
JFJR01013236.1	1565
Scaffold1388	393
Scaffold1389	1241
JFJR01012754.1	1092
JFJR01013491.1	1108
JFJR01013511.1	2176
JFJR01013238.1	2180
JFJR01010337.1	2181
JFJR01013517.1	2184
JFJR01011458.1	2194
JFJR01012762.1	2195
Scaffold919	967
Scaffold918	1352
Scaffold917	731
Scaffold916	1578
Scaffold915	1351
Scaffold914	1271
Scaffold913	168
Scaffold912	2215
Scaffold911	1962
Scaffold910	1103
Scaffold1258	73
Scaffold1259	926
Scaffold1254	53
Scaffold1255	1568
Scaffold1256	81
Scaffold1257	1601
Scaffold1250	674
Scaffold1251	1564
Scaffold1252	47
Scaffold1253	1566
JFJR01012758.1	2208
JFJR01013505.1	2209
Scaffold355	1582
Scaffold354	1815
Scaffold357	1024
Scaffold356	734
Scaffold351	943
Scaffold350	1637
Scaffold353	927
Scaffold352	102
JFJR01012827.1	2313
JFJR01013081.1	2213
JFJR01013226.1	2214
Scaffold359	2314
Scaffold358	1817
Scaffold1131	1866
Scaffold1130	352
Scaffold1133	2130
Scaffold1132	1273
Scaffold1135	2135
Scaffold1134	1277
Scaffold1137	2141
Scaffold1136	1280
Scaffold1139	1844
Scaffold1138	645
JFJR01013220.1	2217
JFJR01012824.1	769
Scaffold823	624
Scaffold822	1484
Scaffold821	627
Scaffold820	1492
Scaffold827	611
Scaffold826	1658
Scaffold825	1531
Scaffold1181	1366
JFJR01013138.1	2372
Scaffold829	1994
Scaffold828	2271
Scaffold494	468
Scaffold495	540
JFJR01010034.1	2223
Scaffold492	500
Scaffold493	815
JFJR01012625.1	1570
JFJR01013097.1	2229
Scaffold1363	1231
Scaffold556	956
JFJR01013379.1	1572
JFJR01013085.1	2236
JFJR01013436.1	2240
JFJR01013198.1	2241
JFJR01013087.1	2243
JFJR01013224.1	2244
JFJR01013438.1	355
JFJR01013204.1	2247
JFJR01012839.1	2248
JFJR01012848.1	2249
JFJR01013567.1	2250
JFJR01013140.1	2251
JFJR01013202.1	2254
JFJR01013416.1	2255
Scaffold180	1752
JFJR01013142.1	2259
JFJR01013200.1	2260
JFJR01013414.1	2261
JFJR01013093.1	2262
JFJR01012844.1	2264
Scaffold139	2163
Scaffold138	123
Scaffold131	1716
Scaffold130	202
Scaffold133	1748
Scaffold132	234
Scaffold135	1674
JFJR01012742.1	380
Scaffold137	1667
Scaffold136	823
JFJR01013500.1	665
Scaffold647	103
Scaffold646	715
Scaffold645	949
Scaffold644	719
Scaffold643	2226
Scaffold642	681
Scaffold641	1537
Scaffold640	71
JFJR01013422.1	2272
Scaffold671	55
Scaffold649	940
Scaffold648	461
JFJR01012704.1	1653
JFJR01013454.1	2275
JFJR01013563.1	2277
JFJR01013420.1	2278
Scaffold1405	1670
Scaffold1404	2231
Scaffold1407	1210
Scaffold1406	2227
Scaffold1401	373
Scaffold1400	1876
Scaffold1403	712
Scaffold1402	1898
JFJR01013561.1	2282
Scaffold1409	1246
Scaffold1408	2265
JFJR01012837.1	2286
JFJR01012727.1	1902
Scaffold404	809
JFJR01012686.1	2288
JFJR01012835.1	2289
JFJR01011980.1	2294
Scaffold474	1765
JFJR01012815.1	2296
JFJR01012829.1	2299
JFJR01012817.1	2302
JFJR01012825.1	2306
JFJR01013302.1	2307
Scaffold406	1330
JFJR01011278.1	2308
JFJR01013089.1	2309
Scaffold19	892
Scaffold18	1226
Scaffold17	376
Scaffold16	1718
Scaffold15	853
Scaffold14	361
Scaffold13	1883
Scaffold12	933
Scaffold11	1974
Scaffold10	970
Scaffold654	1893
JFJR01012821.1	2319
JFJR01012803.1	2321
JFJR01010779.1	2090
JFJR01012799.1	2318
JFJR01013336.1	1956
JFJR01013063.1	2331
JFJR01013418.1	2333
JFJR01013122.1	2337
JFJR01013061.1	2339
Scaffold1020	216
JFJR01013306.1	2341
JFJR01013120.1	2345
JFJR01013304.1	2348
JFJR01012900.1	1978
JFJR01012882.1	2351
Scaffold830	1813
JFJR01012996.1	2352
Scaffold1399	2129
Scaffold1398	1266
Scaffold1395	336
Scaffold1394	1878
Scaffold1397	2122
Scaffold1396	1539
Scaffold1391	1238
Scaffold1390	383
JFJR01013110.1	2355
Scaffold1392	359
JFJR01013071.1	2356
JFJR01013136.1	2357
JFJR01012947.1	2359
Scaffold835	2001
JFJR01013130.1	2361
JFJR01013508.1	2362
JFJR01013332.1	1212
JFJR01012945.1	2364
JFJR01012782.1	1589
JFJR01013132.1	1333
JFJR01013330.1	2154
Scaffold202	2115
JFJR01012489.1	2370
JFJR01012506.1	2371
Scaffold908	1086
Scaffold909	1950
Scaffold905	849
Scaffold906	1058
Scaffold907	1926
Scaffold900	1979
Scaffold901	1789
Scaffold902	886
Scaffold903	1254
JFJR01012955.1	2373
JFJR01013381.1	2374
Scaffold1249	1988
Scaffold1248	666
Scaffold1247	1558
Scaffold1246	708
Scaffold1245	2075
Scaffold1244	695
Scaffold1243	1555
Scaffold1242	697
Scaffold1241	2172
Scaffold1240	1317
JFJR01012994.1	2375
JFJR01013428.1	2376
Scaffold1112	2125
JFJR01012998.1	885
Scaffold380	1806
Scaffold831	1237
Scaffold832	1741
Scaffold833	878
Scaffold898	1939
Scaffold836	490
Scaffold837	1669
Scaffold838	2030
Scaffold839	0
JFJR01012968.1	2391
JFJR01010963.1	2394
